{
    "Agent": {
        "total": 131.05517268180847
    },
    "Env": {
        "apply_act": 0.9405789375305176,
        "observation_computation": 2.7756197452545166,
        "powerflow_computation": 2.4636237621307373,
        "total": 6.1798224449157715
    },
    "total": 137.29876494407654
}