{
    "Agent": {
        "total": 0.00021546400239458308
    },
    "Env": {
        "apply_act": 0.029873117000533966,
        "observation_computation": 0.009064515999853029,
        "powerflow_computation": 0.22099059000356647,
        "total": 0.25992822300395346
    },
    "total": 0.26562659699993674
}