{
    "Agent": {
        "total": 0.0002760887145996094
    },
    "Env": {
        "apply_act": 0.027463674545288086,
        "observation_computation": 0.01382303237915039,
        "powerflow_computation": 0.1675570011138916,
        "total": 0.20884370803833008
    },
    "total": 0.21285390853881836
}