{
    "Agent": {
        "total": 7.813802221789956e-05
    },
    "Env": {
        "apply_act": 0.015696841990575194,
        "observation_computation": 0.002888642018660903,
        "powerflow_computation": 0.11368745792424306,
        "total": 0.13227294193347916
    },
    "total": 0.13419124198844656
}