{
    "Agent": {
        "total": 0.00011467933654785156
    },
    "Env": {
        "apply_act": 0.005683422088623047,
        "observation_computation": 0.002182483673095703,
        "powerflow_computation": 0.002043485641479492,
        "total": 0.009909391403198242
    },
    "total": 0.011989116668701172
}