{
    "Agent": {
        "total": 7.804400229360908e-05
    },
    "Env": {
        "apply_act": 0.014788659987971187,
        "observation_computation": 0.002853814003174193,
        "powerflow_computation": 0.0900498319970211,
        "total": 0.10769230598816648
    },
    "total": 0.10963005600206088
}