{
    "Agent": {
        "total": 6.966899945837213e-05
    },
    "Env": {
        "apply_act": 0.01420826599951397,
        "observation_computation": 0.0023521240009358735,
        "powerflow_computation": 0.05833839099977922,
        "total": 0.07489878100022906
    },
    "total": 0.07635611800014885
}