{
    "Agent": {
        "total": 3.77109998908054e-05
    },
    "Env": {
        "apply_act": 0.003426671000056558,
        "observation_computation": 0.0011693050000758376,
        "powerflow_computation": 0.03654419199995118,
        "total": 0.04114016800008358
    },
    "total": 0.04200758100000712
}