{
    "Agent": {
        "total": 8.197699935408309e-05
    },
    "Env": {
        "apply_act": 0.014833036995696602,
        "observation_computation": 0.002485878998413682,
        "powerflow_computation": 0.06346367900550831,
        "total": 0.0807825949996186
    },
    "total": 0.08239645399953588
}