{
    "Agent": {
        "total": 8.108100007575558e-05
    },
    "Env": {
        "apply_act": 0.007501441000044906,
        "observation_computation": 0.003945140999917385,
        "powerflow_computation": 0.07179892499993912,
        "total": 0.08324550699990141
    },
    "total": 0.08473494700001538
}