{
    "Agent": {
        "total": 5.946200690232217e-05
    },
    "Env": {
        "apply_act": 0.004946655986714177,
        "observation_computation": 0.002186480996897444,
        "powerflow_computation": 0.03067826399637852,
        "total": 0.03781140097999014
    },
    "total": 0.039003594996756874
}