{
    "Agent": {
        "total": 0.00010440894402563572
    },
    "Env": {
        "apply_act": 0.023203786986414343,
        "observation_computation": 0.004444985999725759,
        "powerflow_computation": 0.16305854497477412,
        "total": 0.19070731796091422
    },
    "total": 0.19315791100962088
}