{
    "Agent": {
        "total": 0.00018192499919678085
    },
    "Env": {
        "apply_act": 0.03575586100487271,
        "observation_computation": 0.005782992000604281,
        "powerflow_computation": 0.15825524700267124,
        "total": 0.19979410000814823
    },
    "total": 0.20350440100082778
}