{
    "Agent": {
        "total": 0.00012255700130481273
    },
    "Env": {
        "apply_act": 0.02361308799663675,
        "observation_computation": 0.004336479996709386,
        "powerflow_computation": 0.17206710799655411,
        "total": 0.20001667598990025
    },
    "total": 0.20225191000281484
}