{
   "h": [5, 10, 15, 20, 25, 30, 35, 40, 45, 50, 55, 60],
   "nb_h_iid": 5,
   "n_neighbors": 208 ,
   "h_std_load_old": [0.0223606797749979,
                  0.031622776601683795,
                  0.03872983346207417,
                  0.0447213595499958,
                  0.050,
                  0.05477225575051661,
                  0.05916079783099616,
                  0.06324555320336759,
                  0.06708203932499369,
                  0.070710678118654755,
                  0.07416198487095663,
                  0.07745966692414834],
   "h_std_load": [
      0.0223606797749979,  0.031622776601683795,
      0.03872983346207417, 0.0447213595499958,
      0.050,               0.05477225575051661,
      0.05916079783099616, 0.06324555320336759,
      0.06708203932499369, 0.070710678118654755,
      0.07416198487095663, 0.07745966692414834
   ],
   "h_std_wind": [0.00745356, 0.01054093, 0.01290994, 0.01490712, 0.01666667,
      0.01825742, 0.01972027, 0.02108185, 0.02236068, 0.02357023,
      0.02472066, 0.02581989],
   "h_std_solar": [0.00745356, 0.01054093, 0.01290994, 0.01490712, 0.01666667,
      0.01825742, 0.01972027, 0.02108185, 0.02236068, 0.02357023,
      0.02472066, 0.02581989],
   "leaf_size_knn" : 100,
   "algorithm_knn" : "kd_tree"

}
