{
    "Agent": {
        "total": 6.771087646484375e-05
    },
    "Env": {
        "apply_act": 0.006358623504638672,
        "observation_computation": 0.0029401779174804688,
        "powerflow_computation": 0.046306610107421875,
        "total": 0.055605411529541016
    },
    "total": 0.0565946102142334
}