{
    "Agent": {
        "total": 0.0001575946807861328
    },
    "Env": {
        "apply_act": 0.016396284103393555,
        "observation_computation": 0.002340555191040039,
        "powerflow_computation": 0.10605192184448242,
        "total": 0.12478876113891602
    },
    "total": 0.12703418731689453
}