{
    "Agent": {
        "total": 0.00014781951904296875
    },
    "Env": {
        "apply_act": 0.03155088424682617,
        "observation_computation": 0.0064923763275146484,
        "powerflow_computation": 0.09297442436218262,
        "total": 0.13101768493652344
    },
    "total": 0.1334705352783203
}