{
    "Agent": {
        "total": 9.202957153320312e-05
    },
    "Env": {
        "apply_act": 0.008053302764892578,
        "observation_computation": 0.0034570693969726562,
        "powerflow_computation": 0.07657933235168457,
        "total": 0.0880897045135498
    },
    "total": 0.08926081657409668
}