{
    "Agent": {
        "total": 0.0001473339980293531
    },
    "Env": {
        "apply_act": 0.02590419400439714,
        "observation_computation": 0.0047218709987646434,
        "powerflow_computation": 0.2436847709977883,
        "total": 0.2743108360009501
    },
    "total": 0.27689314099916373
}