{
    "Agent": {
        "total": 7.681599890929647e-05
    },
    "Env": {
        "apply_act": 0.015458943998964969,
        "observation_computation": 0.002084444000502117,
        "powerflow_computation": 0.07262913399972604,
        "total": 0.09017252199919312
    },
    "total": 0.09159759600152029
}