{
    "Agent": {
        "total": 9.307074785232544
    },
    "Env": {
        "apply_act": 0.06286430358886719,
        "observation_computation": 0.18656420707702637,
        "powerflow_computation": 0.1585097312927246,
        "total": 0.40793824195861816
    },
    "total": 9.72299838066101
}