{
    "Agent": {
        "total": 9.5367431640625e-05
    },
    "Env": {
        "apply_act": 0.008579492568969727,
        "observation_computation": 0.0011029243469238281,
        "powerflow_computation": 0.06245994567871094,
        "total": 0.07214236259460449
    },
    "total": 0.07331085205078125
}