{
    "Agent": {
        "total": 9.590800618752837e-05
    },
    "Env": {
        "apply_act": 0.012887014978332445,
        "observation_computation": 0.0026607280306052417,
        "powerflow_computation": 0.0951700690202415,
        "total": 0.11071781202917919
    },
    "total": 0.11303038001642562
}