{
    "Agent": {
        "total": 0.0001631820050533861
    },
    "Env": {
        "apply_act": 0.015468380966922268,
        "observation_computation": 0.009064811005373485,
        "powerflow_computation": 0.08525021599780302,
        "total": 0.10978340797009878
    },
    "total": 0.11254293400270399
}