{
    "Agent": {
        "total": 9.805736780166626
    },
    "Env": {
        "apply_act": 0.07686734199523926,
        "observation_computation": 0.21841168403625488,
        "powerflow_computation": 0.20141911506652832,
        "total": 0.49669814109802246
    },
    "total": 10.308459758758545
}