{
    "Agent": {
        "total": 9.322166442871094e-05
    },
    "Env": {
        "apply_act": 0.0046994686126708984,
        "observation_computation": 0.001678466796875,
        "powerflow_computation": 0.001310110092163086,
        "total": 0.007688045501708984
    },
    "total": 0.009441852569580078
}