{
    "Agent": {
        "total": 7.081031799316406e-05
    },
    "Env": {
        "apply_act": 0.007325887680053711,
        "observation_computation": 0.0029144287109375,
        "powerflow_computation": 0.039087533950805664,
        "total": 0.049327850341796875
    },
    "total": 0.050542354583740234
}