{
    "Agent": {
        "total": 0.00020705899805761874
    },
    "Env": {
        "apply_act": 0.04102246000547893,
        "observation_computation": 0.009451000994886272,
        "powerflow_computation": 0.16431489298702218,
        "total": 0.21478835398738738
    },
    "total": 0.21851815198897384
}