{
    "Agent": {
        "total": 0.00012969970703125
    },
    "Env": {
        "apply_act": 0.011852025985717773,
        "observation_computation": 0.005419254302978516,
        "powerflow_computation": 0.08653426170349121,
        "total": 0.1038055419921875
    },
    "total": 0.10569381713867188
}