{
    "Agent": {
        "total": 9.131431579589844e-05
    },
    "Env": {
        "apply_act": 0.008371114730834961,
        "observation_computation": 0.0010721683502197266,
        "powerflow_computation": 0.061749935150146484,
        "total": 0.07119321823120117
    },
    "total": 0.07235527038574219
}