{
    "Agent": {
        "total": 0.00013399124145507812
    },
    "Env": {
        "apply_act": 0.010610818862915039,
        "observation_computation": 0.005915164947509766,
        "powerflow_computation": 0.09552192687988281,
        "total": 0.11204791069030762
    },
    "total": 0.11387133598327637
}