{
  "sub_0": [
    -612.8008192524321,
    169.62025316455697
  ],
  "sub_1": [
    -566.9226830517152,
    40.506329113924096
  ],
  "sub_2": [
    -711.1111111111111,
    -98.73417721518985
  ],
  "sub_3": [
    -432.5652841781874,
    -81.01265822784808
  ],
  "sub_4": [
    -357.19406041986684,
    86.07594936708864
  ],
  "sub_5": [
    -311.31592421915,
    -151.89873417721518
  ],
  "sub_6": [
    -406.3492063492063,
    197.4683544303798
  ],
  "sub_7": [
    -317.8699436763953,
    275.9493670886077
  ],
  "sub_8": [
    -206.4516129032258,
    336.70886075949375
  ],
  "sub_9": [
    -72.09421402969792,
    275.9493670886077
  ],
  "sub_10": [
    -193.34357398873533,
    27.848101265822834
  ],
  "sub_11": [
    -140.91141833077313,
    98.7341772151899
  ],
  "sub_12": [
    -117.9723502304148,
    -10.12658227848101
  ],
  "sub_13": [
    -163.85048643113157,
    -124.05063291139237
  ],
  "sub_14": [
    -68.81720430107532,
    -134.17721518987338
  ],
  "sub_15": [
    -32.77009728622636,
    -68.35443037974682
  ],
  "sub_16": [
    124.52636968766001,
    -68.35443037974682
  ],
  "sub_17": [
    376.8561187916025,
    45.5696202531646
  ],
  "sub_18": [
    278.54582693292366,
    45.5696202531646
  ],
  "sub_19": [
    52.432155657962085,
    179.74683544303798
  ],
  "sub_20": [
    62.263184843830004,
    326.58227848101274
  ],
  "sub_21": [
    176.9585253456221,
    400.0
  ],
  "sub_22": [
    367.0250896057348,
    311.3924050632912
  ],
  "sub_23": [
    327.70097286226314,
    184.81012658227849
  ],
  "sub_24": [
    376.8561187916025,
    129.11392405063293
  ],
  "sub_25": [
    278.54582693292366,
    129.11392405063293
  ],
  "sub_26": [
    619.3548387096773,
    400.0
  ],
  "sub_27": [
    498.10547875064003,
    25.31645569620258
  ],
  "sub_28": [
    606.2467997951869,
    -86.07594936708858
  ],
  "sub_29": [
    383.41013824884794,
    -169.62025316455694
  ],
  "sub_30": [
    678.3410138248846,
    118.98734177215192
  ],
  "sub_31": [
    711.1111111111111,
    -207.59493670886076
  ],
  "sub_32": [
    376.8561187916025,
    -400.0
  ],
  "sub_33": [
    219.55965181771626,
    -248.1012658227848
  ],
  "sub_34": [
    357.1940604198669,
    -283.54430379746833
  ],
  "sub_35": [
    3.277009728622602,
    -346.8354430379747
  ]
}
