{
    "Agent": {
        "total": 9.250640869140625e-05
    },
    "Env": {
        "apply_act": 0.008408069610595703,
        "observation_computation": 0.003941535949707031,
        "powerflow_computation": 0.05081605911254883,
        "total": 0.06316566467285156
    },
    "total": 0.06469035148620605
}