{
    "Agent": {
        "total": 0.00010251998901367188
    },
    "Env": {
        "apply_act": 0.010029792785644531,
        "observation_computation": 0.004518985748291016,
        "powerflow_computation": 0.05923271179199219,
        "total": 0.07378149032592773
    },
    "total": 0.07520532608032227
}