{
    "Agent": {
        "total": 0.00018804800129146315
    },
    "Env": {
        "apply_act": 0.03656216100080201,
        "observation_computation": 0.006631043999732356,
        "powerflow_computation": 0.16643031500098004,
        "total": 0.2096235200015144
    },
    "total": 0.21395956200012733
}