{
    "Agent": {
        "total": 7.176399230957031e-05
    },
    "Env": {
        "apply_act": 0.0037572383880615234,
        "observation_computation": 0.001123666763305664,
        "powerflow_computation": 0.0010755062103271484,
        "total": 0.005956411361694336
    },
    "total": 0.007302045822143555
}