{
    "Agent": {
        "total": 5.221366882324219e-05
    },
    "Env": {
        "apply_act": 0.0026350021362304688,
        "observation_computation": 0.0007433891296386719,
        "powerflow_computation": 0.0009174346923828125,
        "total": 0.004295825958251953
    },
    "total": 0.0053594112396240234
}