{
  "sub_0": [
    -1066.6666666666665,
    600.0
  ],
  "sub_1": [
    -939.7769516728623,
    600.0
  ],
  "sub_2": [
    -1005.865344898802,
    524.3432574430822
  ],
  "sub_3": [
    -939.7769516728623,
    461.2959719789842
  ],
  "sub_4": [
    -976.7864518793886,
    347.8108581436077
  ],
  "sub_5": [
    -873.6885584469226,
    352.0140105078808
  ],
  "sub_6": [
    -791.7389508467575,
    345.7092819614711
  ],
  "sub_7": [
    -968.8558446922758,
    131.34851138353758
  ],
  "sub_8": [
    -963.5687732342005,
    38.87915936952709
  ],
  "sub_9": [
    -968.8558446922758,
    -38.8791593695272
  ],
  "sub_10": [
    -847.2532011565468,
    465.49912434325734
  ],
  "sub_11": [
    -704.502271788517,
    505.4290718038528
  ],
  "sub_12": [
    -638.4138785625773,
    362.5218914185639
  ],
  "sub_13": [
    -537.959520859149,
    431.8739054290718
  ],
  "sub_14": [
    -498.30648492358523,
    368.8266199649737
  ],
  "sub_15": [
    -746.7988434531185,
    267.9509632224168
  ],
  "sub_16": [
    -585.5431639818255,
    204.90367775831874
  ],
  "sub_17": [
    -426.93102023957033,
    204.90367775831874
  ],
  "sub_18": [
    -347.6249483684427,
    274.25569176882664
  ],
  "sub_19": [
    -368.77323420074345,
    244.8336252189141
  ],
  "sub_20": [
    -347.6249483684427,
    3.152364273204853
  ],
  "sub_21": [
    -326.47666253614193,
    -47.28546409807359
  ],
  "sub_22": [
    -347.6249483684427,
    -114.53590192644486
  ],
  "sub_23": [
    -48.905410987195296,
    43.08231173380034
  ],
  "sub_24": [
    -429.5745559686079,
    -194.39579684763572
  ],
  "sub_25": [
    -537.959520859149,
    -135.5516637478109
  ],
  "sub_26": [
    -857.8273440726971,
    -97.72329246935203
  ],
  "sub_27": [
    -878.9756299049977,
    -22.06654991243431
  ],
  "sub_28": [
    -876.3320941759603,
    55.69176882661998
  ],
  "sub_29": [
    -561.7513424204873,
    131.34851138353758
  ],
  "sub_30": [
    -773.2342007434943,
    55.69176882661998
  ],
  "sub_31": [
    -685.9975216852539,
    7.355516637478104
  ],
  "sub_32": [
    -11.895910780669055,
    480.21015761821354
  ],
  "sub_33": [
    83.27137546468407,
    373.02977232924684
  ],
  "sub_34": [
    -91.2019826517967,
    257.44308231173375
  ],
  "sub_35": [
    133.4985543163982,
    272.15411558668995
  ],
  "sub_36": [
    194.29987608426268,
    410.85814360770576
  ],
  "sub_37": [
    231.30937629078903,
    213.30998248686512
  ],
  "sub_38": [
    154.64684014869886,
    503.32749562171625
  ],
  "sub_39": [
    226.02230483271387,
    568.476357267951
  ],
  "sub_40": [
    339.6943411813302,
    568.476357267951
  ],
  "sub_41": [
    424.287484510533,
    568.476357267951
  ],
  "sub_42": [
    326.47666253614216,
    362.5218914185639
  ],
  "sub_43": [
    368.77323420074345,
    421.3660245183887
  ],
  "sub_44": [
    387.2779843040066,
    288.96672504378284
  ],
  "sub_45": [
    350.2684840974805,
    236.42732049036772
  ],
  "sub_46": [
    426.93102023957044,
    228.02101576182133
  ],
  "sub_47": [
    493.01941346551007,
    309.98248686514887
  ],
  "sub_48": [
    582.8996282527883,
    209.10683012259187
  ],
  "sub_49": [
    707.1458075175547,
    398.2486865148861
  ],
  "sub_50": [
    757.372986369269,
    419.26444833625214
  ],
  "sub_51": [
    524.7418422139613,
    488.61646234676004
  ],
  "sub_52": [
    532.6724494010739,
    568.476357267951
  ],
  "sub_53": [
    625.1961999173895,
    566.3747810858142
  ],
  "sub_54": [
    868.4014869888476,
    568.476357267951
  ],
  "sub_55": [
    746.7988434531185,
    570.5779334500876
  ],
  "sub_56": [
    707.1458075175547,
    467.6007005253939
  ],
  "sub_57": [
    757.372986369269,
    467.6007005253939
  ],
  "sub_58": [
    982.0735233374639,
    528.5464098073555
  ],
  "sub_59": [
    982.0735233374639,
    360.4203152364273
  ],
  "sub_60": [
    982.0735233374639,
    267.9509632224168
  ],
  "sub_61": [
    897.4803800082611,
    101.92644483362517
  ],
  "sub_62": [
    918.6286658405618,
    480.21015761821354
  ],
  "sub_63": [
    902.7674514663363,
    299.4746059544658
  ],
  "sub_64": [
    786.4518793886823,
    7.355516637478104
  ],
  "sub_65": [
    746.7988434531185,
    101.92644483362517
  ],
  "sub_66": [
    783.8083436596448,
    139.75481611208397
  ],
  "sub_67": [
    561.7513424204874,
    76.707530647986
  ],
  "sub_68": [
    485.08880627839744,
    51.48861646234673
  ],
  "sub_69": [
    159.93391160677402,
    40.98073555166377
  ],
  "sub_70": [
    104.41966129698471,
    99.8248686514886
  ],
  "sub_71": [
    64.76662536142089,
    55.69176882661998
  ],
  "sub_72": [
    159.93391160677402,
    122.9422066549912
  ],
  "sub_73": [
    112.35026848409757,
    -164.9737302977233
  ],
  "sub_74": [
    159.93391160677402,
    -207.00525394045536
  ],
  "sub_75": [
    397.85212722015694,
    -207.00525394045536
  ],
  "sub_76": [
    463.9405204460968,
    -261.646234676007
  ],
  "sub_77": [
    514.1676992978109,
    -164.9737302977233
  ],
  "sub_78": [
    582.8996282527883,
    -122.94220665499125
  ],
  "sub_79": [
    598.7608426270137,
    -207.00525394045536
  ],
  "sub_80": [
    606.6914498141264,
    -171.27845884413313
  ],
  "sub_81": [
    392.5650557620818,
    -328.8966725043783
  ],
  "sub_82": [
    149.3597686906237,
    -377.23292469352015
  ],
  "sub_83": [
    120.28087567121042,
    -412.9597197898424
  ],
  "sub_84": [
    112.35026848409757,
    -484.41330998248685
  ],
  "sub_85": [
    112.35026848409757,
    -534.8511383537654
  ],
  "sub_86": [
    149.3597686906237,
    -568.476357267951
  ],
  "sub_87": [
    204.87401900041323,
    -484.41330998248685
  ],
  "sub_88": [
    313.25898389095414,
    -488.61646234676004
  ],
  "sub_89": [
    321.189591078067,
    -560.0700525394045
  ],
  "sub_90": [
    503.5935563816606,
    -564.2732049036778
  ],
  "sub_91": [
    516.8112350268484,
    -488.61646234676004
  ],
  "sub_92": [
    577.6125567947129,
    -444.4833625218914
  ],
  "sub_93": [
    646.3444857496902,
    -377.23292469352015
  ],
  "sub_94": [
    559.1078066914499,
    -377.23292469352015
  ],
  "sub_95": [
    582.8996282527883,
    -330.9982486865149
  ],
  "sub_96": [
    580.2560925237506,
    -284.76357267950965
  ],
  "sub_97": [
    691.2845931433292,
    -251.13835376532398
  ],
  "sub_98": [
    775.877736472532,
    -209.106830122592
  ],
  "sub_99": [
    760.0165220983065,
    -377.23292469352015
  ],
  "sub_100": [
    720.3634861627427,
    -536.9527145359019
  ],
  "sub_101": [
    596.117306897976,
    -534.8511383537654
  ],
  "sub_102": [
    860.4708798017348,
    -536.9527145359019
  ],
  "sub_103": [
    871.0450227178851,
    -373.02977232924695
  ],
  "sub_104": [
    963.5687732342008,
    -377.23292469352015
  ],
  "sub_105": [
    960.9252375051631,
    -244.83362521891422
  ],
  "sub_106": [
    1066.6666666666665,
    -377.23292469352015
  ],
  "sub_107": [
    976.7864518793888,
    -454.99124343257444
  ],
  "sub_108": [
    984.7170590665014,
    -499.1243432574431
  ],
  "sub_109": [
    952.9946303180504,
    -585.2889667250438
  ],
  "sub_110": [
    871.0450227178851,
    -600.0
  ],
  "sub_111": [
    1064.023130937629,
    -585.2889667250438
  ],
  "sub_112": [
    -678.0669144981412,
    160.77057793345
  ],
  "sub_113": [
    -715.0764147046673,
    -53.59019264448341
  ],
  "sub_114": [
    -625.1961999173893,
    -55.69176882661998
  ],
  "sub_115": [
    604.0479140850889,
    13.660245183887923
  ],
  "sub_116": [
    -559.1078066914497,
    505.4290718038528
  ],
  "sub_117": [
    260.38826931020253,
    -209.106830122592
  ]
}
