{
    "Agent": {
        "total": 0.000171155000316503
    },
    "Env": {
        "apply_act": 0.018855834002351912,
        "observation_computation": 0.011686267998811672,
        "powerflow_computation": 0.14597200400021393,
        "total": 0.1765141060013775
    },
    "total": 0.17960734699954628
}