{
    "Agent": {
        "total": 0.00010061264038085938
    },
    "Env": {
        "apply_act": 0.008505105972290039,
        "observation_computation": 0.003753662109375,
        "powerflow_computation": 0.07188701629638672,
        "total": 0.08414578437805176
    },
    "total": 0.0857391357421875
}