{
    "Agent": {
        "total": 0.0001740990001053433
    },
    "Env": {
        "apply_act": 0.026373431998763408,
        "observation_computation": 0.005404876999818953,
        "powerflow_computation": 0.14027613799953542,
        "total": 0.17205444699811778
    },
    "total": 0.17500740600007703
}