{
    "Agent": {
        "total": 0.00013831699470756575
    },
    "Env": {
        "apply_act": 0.02188024000133737,
        "observation_computation": 0.0038803100105724297,
        "powerflow_computation": 0.16821584699573577,
        "total": 0.19397639700764557
    },
    "total": 0.19623252499877708
}