{
    "Agent": {
        "total": 9.059906005859375e-05
    },
    "Env": {
        "apply_act": 0.007296562194824219,
        "observation_computation": 0.004569530487060547,
        "powerflow_computation": 0.05807805061340332,
        "total": 0.06994414329528809
    },
    "total": 0.07152271270751953
}