{
    "Agent": {
        "total": 5.602836608886719e-05
    },
    "Env": {
        "apply_act": 0.001750946044921875,
        "observation_computation": 0.0004096031188964844,
        "powerflow_computation": 0.000972747802734375,
        "total": 0.0031332969665527344
    },
    "total": 0.003953218460083008
}