{
    "Agent": {
        "total": 121.46834826469421
    },
    "Env": {
        "apply_act": 0.835080623626709,
        "observation_computation": 2.6494646072387695,
        "powerflow_computation": 2.3445639610290527,
        "total": 5.829109191894531
    },
    "total": 127.37829780578613
}