{
    "Agent": {
        "total": 5.14984130859375e-05
    },
    "Env": {
        "apply_act": 0.004711151123046875,
        "observation_computation": 0.001756906509399414,
        "powerflow_computation": 0.062143564224243164,
        "total": 0.06861162185668945
    },
    "total": 0.06931829452514648
}