{
    "Agent": {
        "total": 0.00013780593872070312
    },
    "Env": {
        "apply_act": 0.007723331451416016,
        "observation_computation": 0.002506732940673828,
        "powerflow_computation": 0.0017828941345214844,
        "total": 0.012012958526611328
    },
    "total": 0.014350414276123047
}