{
    "Agent": {
        "total": 9.981342554092407
    },
    "Env": {
        "apply_act": 0.07080841064453125,
        "observation_computation": 0.19347834587097168,
        "powerflow_computation": 0.1804521083831787,
        "total": 0.44473886489868164
    },
    "total": 10.431100130081177
}