{
    "Agent": {
        "total": 0.00010895729064941406
    },
    "Env": {
        "apply_act": 0.009950399398803711,
        "observation_computation": 0.0043985843658447266,
        "powerflow_computation": 0.07065200805664062,
        "total": 0.08500099182128906
    },
    "total": 0.08672022819519043
}