{
    "Agent": {
        "total": 5.7697296142578125e-05
    },
    "Env": {
        "apply_act": 0.0016999244689941406,
        "observation_computation": 0.00045037269592285156,
        "powerflow_computation": 0.0006978511810302734,
        "total": 0.0028481483459472656
    },
    "total": 0.003623485565185547
}