{
    "Agent": {
        "total": 0.00012665199392358772
    },
    "Env": {
        "apply_act": 0.026300005993107334,
        "observation_computation": 0.004680375997850206,
        "powerflow_computation": 0.2783582679949177,
        "total": 0.30933864998587524
    },
    "total": 0.3119337780008209
}