{
    "Agent": {
        "total": 3.8737001887056977e-05
    },
    "Env": {
        "apply_act": 0.004038255996420048,
        "observation_computation": 0.001208831999974791,
        "powerflow_computation": 0.024604312999144895,
        "total": 0.029851400995539734
    },
    "total": 0.03081991499857395
}