{
    "Agent": {
        "total": 3.83079996026936e-05
    },
    "Env": {
        "apply_act": 0.0031759689991304185,
        "observation_computation": 0.0011109200004284503,
        "powerflow_computation": 0.03184064600009151,
        "total": 0.03612753499965038
    },
    "total": 0.03697787500004779
}