{
    "Agent": {
        "total": 0.00021775700224679895
    },
    "Env": {
        "apply_act": 0.025833767002040986,
        "observation_computation": 0.00829864700062899,
        "powerflow_computation": 0.20847854800376808,
        "total": 0.24261096200643806
    },
    "total": 0.24721698199937236
}