{
    "Agent": {
        "total": 0.00010630600002059509
    },
    "Env": {
        "apply_act": 0.011138778999907117,
        "observation_computation": 0.0032093399999553185,
        "powerflow_computation": 0.08027153299991596,
        "total": 0.0946196519997784
    },
    "total": 0.0964781280000011
}