{
    "Agent": {
        "total": 5.939000038779341e-05
    },
    "Env": {
        "apply_act": 0.008951105000960524,
        "observation_computation": 0.0010598629996820819,
        "powerflow_computation": 0.10305314399920462,
        "total": 0.11306411199984723
    },
    "total": 0.11474273299972992
}