{
    "Agent": {
        "total": 0.00013155499982531182
    },
    "Env": {
        "apply_act": 0.01763039100296737,
        "observation_computation": 0.005023140000048443,
        "powerflow_computation": 0.22569150700110185,
        "total": 0.24834503800411767
    },
    "total": 0.25136325499988743
}