{
    "Agent": {
        "total": 0.0003374060324858874
    },
    "Env": {
        "apply_act": 0.046520611009327695,
        "observation_computation": 0.013889413006836548,
        "powerflow_computation": 0.28536968800472096,
        "total": 0.3457797120208852
    },
    "total": 0.3526929799991194
}