{
    "Agent": {
        "total": 0.00017310699695372023
    },
    "Env": {
        "apply_act": 0.02002973099479277,
        "observation_computation": 0.006288309999945341,
        "powerflow_computation": 0.3264216909992683,
        "total": 0.35273973199400643
    },
    "total": 0.35641096600011224
}