{
    "Agent": {
        "total": 0.00013265999950817786
    },
    "Env": {
        "apply_act": 0.016178616000615875,
        "observation_computation": 0.0045671650004806,
        "powerflow_computation": 0.2390781300018716,
        "total": 0.2598239110029681
    },
    "total": 0.26314936900053
}