{
    "Agent": {
        "total": 6.890296936035156e-05
    },
    "Env": {
        "apply_act": 0.006749868392944336,
        "observation_computation": 0.00272369384765625,
        "powerflow_computation": 0.04704713821411133,
        "total": 0.056520700454711914
    },
    "total": 0.05755162239074707
}