{
    "Agent": {
        "total": 0.0001437664031982422
    },
    "Env": {
        "apply_act": 0.008568286895751953,
        "observation_computation": 0.002801179885864258,
        "powerflow_computation": 0.002367258071899414,
        "total": 0.013736724853515625
    },
    "total": 0.01632237434387207
}