{
    "Agent": {
        "total": 9.393692016601562e-05
    },
    "Env": {
        "apply_act": 0.009854793548583984,
        "observation_computation": 0.0045773983001708984,
        "powerflow_computation": 0.058463335037231445,
        "total": 0.07289552688598633
    },
    "total": 0.07447099685668945
}