{
    "Agent": {
        "total": 0.00012540817260742188
    },
    "Env": {
        "apply_act": 0.0051157474517822266,
        "observation_computation": 0.0020864009857177734,
        "powerflow_computation": 0.0015501976013183594,
        "total": 0.00875234603881836
    },
    "total": 0.010632991790771484
}