{
    "Agent": {
        "total": 0.00012830499872507062
    },
    "Env": {
        "apply_act": 0.015697453998654964,
        "observation_computation": 0.00317409500166832,
        "powerflow_computation": 0.14402169799905096,
        "total": 0.16289324699937424
    },
    "total": 0.16597464500046044
}