{
    "Agent": {
        "total": 20.674724340438843
    },
    "Env": {
        "apply_act": 0.057840585708618164,
        "observation_computation": 0.20245671272277832,
        "powerflow_computation": 0.5226004123687744,
        "total": 0.7828977108001709
    },
    "total": 21.46261191368103
}