{
    "Agent": {
        "total": 20.117209672927856
    },
    "Env": {
        "apply_act": 0.08378243446350098,
        "observation_computation": 0.19846653938293457,
        "powerflow_computation": 0.5714728832244873,
        "total": 0.8537218570709229
    },
    "total": 20.973918199539185
}