{
    "Agent": {
        "total": 5.774099918198772e-05
    },
    "Env": {
        "apply_act": 0.004948939000314567,
        "observation_computation": 0.0022999289976723958,
        "powerflow_computation": 0.0372519740012649,
        "total": 0.04450084199925186
    },
    "total": 0.04564724000010756
}