{
    "Agent": {
        "total": 8.344650268554688e-05
    },
    "Env": {
        "apply_act": 0.008428573608398438,
        "observation_computation": 0.003626585006713867,
        "powerflow_computation": 0.05740976333618164,
        "total": 0.06946492195129395
    },
    "total": 0.07083415985107422
}