{
    "Agent": {
        "total": 6.771087646484375e-05
    },
    "Env": {
        "apply_act": 0.00645136833190918,
        "observation_computation": 0.0027112960815429688,
        "powerflow_computation": 0.05721402168273926,
        "total": 0.0663766860961914
    },
    "total": 0.06735634803771973
}