{
    "Agent": {
        "total": 0.00012922286987304688
    },
    "Env": {
        "apply_act": 0.013208627700805664,
        "observation_computation": 0.0063173770904541016,
        "powerflow_computation": 0.07867813110351562,
        "total": 0.09820413589477539
    },
    "total": 0.1000680923461914
}