{
    "Agent": {
        "total": 5.221366882324219e-05
    },
    "Env": {
        "apply_act": 0.0049130916595458984,
        "observation_computation": 0.0005328655242919922,
        "powerflow_computation": 0.04065108299255371,
        "total": 0.0460970401763916
    },
    "total": 0.04683351516723633
}