{
    "Agent": {
        "total": 0.00014090399872657144
    },
    "Env": {
        "apply_act": 0.03492966499925387,
        "observation_computation": 0.007950515999255003,
        "powerflow_computation": 0.12433632300053432,
        "total": 0.1672165039990432
    },
    "total": 0.17026194499976555
}