{
    "Agent": {
        "total": 0.0001049041748046875
    },
    "Env": {
        "apply_act": 0.010077714920043945,
        "observation_computation": 0.004601240158081055,
        "powerflow_computation": 0.05809307098388672,
        "total": 0.07277202606201172
    },
    "total": 0.07446026802062988
}