{
    "Agent": {
        "total": 4.793700009031454e-05
    },
    "Env": {
        "apply_act": 0.009099756000068737,
        "observation_computation": 0.0010339299997212947,
        "powerflow_computation": 0.07825034700090328,
        "total": 0.08838403300069331
    },
    "total": 0.08947097999953257
}