{
    "Agent": {
        "total": 4.0531158447265625e-05
    },
    "Env": {
        "apply_act": 0.001920938491821289,
        "observation_computation": 0.00040459632873535156,
        "powerflow_computation": 0.00045108795166015625,
        "total": 0.002776622772216797
    },
    "total": 0.0035309791564941406
}