{
    "Agent": {
        "total": 9.304699779022485e-05
    },
    "Env": {
        "apply_act": 0.02174973600267549,
        "observation_computation": 0.004463769000722095,
        "powerflow_computation": 0.05817952000143123,
        "total": 0.08439302500482881
    },
    "total": 0.08680045999972208
}