{
    "Agent": {
        "total": 5.711300764232874e-05
    },
    "Env": {
        "apply_act": 0.011588242996367626,
        "observation_computation": 0.0017511600017314777,
        "powerflow_computation": 0.08080883101501968,
        "total": 0.09414823401311878
    },
    "total": 0.0955041850102134
}