{
    "Agent": {
        "total": 9.202957153320312e-05
    },
    "Env": {
        "apply_act": 0.008185863494873047,
        "observation_computation": 0.0037457942962646484,
        "powerflow_computation": 0.06193685531616211,
        "total": 0.0738685131072998
    },
    "total": 0.07542133331298828
}