{
    "Agent": {
        "total": 0.00016931099526118487
    },
    "Env": {
        "apply_act": 0.033378582000295864,
        "observation_computation": 0.006431310001062229,
        "powerflow_computation": 0.23763481199421221,
        "total": 0.2774447039955703
    },
    "total": 0.28068778599845245
}