{
    "Agent": {
        "total": 9.015399973577587e-05
    },
    "Env": {
        "apply_act": 0.018735005999587884,
        "observation_computation": 0.004058110000187298,
        "powerflow_computation": 0.08484545499959495,
        "total": 0.10763857099937013
    },
    "total": 0.10969554300027085
}