{
    "Agent": {
        "total": 0.00013780593872070312
    },
    "Env": {
        "apply_act": 0.005887508392333984,
        "observation_computation": 0.0019526481628417969,
        "powerflow_computation": 0.0014798641204833984,
        "total": 0.00932002067565918
    },
    "total": 0.011416196823120117
}