{
    "Agent": {
        "total": 7.87390000027699e-05
    },
    "Env": {
        "apply_act": 0.01019013399996993,
        "observation_computation": 0.002153088000000025,
        "powerflow_computation": 0.053345044999957736,
        "total": 0.06568826699992769
    },
    "total": 0.06722843900001862
}