{
    "Agent": {
        "total": 8.845329284667969e-05
    },
    "Env": {
        "apply_act": 0.004632234573364258,
        "observation_computation": 0.0014507770538330078,
        "powerflow_computation": 0.001087188720703125,
        "total": 0.007170200347900391
    },
    "total": 0.008869647979736328
}